INSERT INTO USER (EMAIL, NAME, DATE, ACTION) VALUES ('michael@gmail.com', 'Michael Jackson','2021-01-01','E' );
INSERT INTO USER (EMAIL, NAME, DATE, ACTION) VALUES ('Alan@gmail.com', 'Alan Conceição','2021-02-01','E' );
INSERT INTO USER (EMAIL, NAME, DATE, ACTION) VALUES ('Andre@gmail.com', 'Andre Farias','2021-03-01','D' );
INSERT INTO USER (EMAIL, NAME, DATE, ACTION) VALUES ('raimunod@gmail.com', 'Raimundo Matias','2021-04-01','E' );

INSERT INTO BOOK (TITLE, CATEGORY, REMOVE,ID) VALUES ('The Kubernetes Book', 'Informática','F',1);
INSERT INTO COPIES (AVAILABLE, ACTION,BOOK_ID) VALUES ('Y', 'S',1);
INSERT INTO COPIES (AVAILABLE, ACTION,BOOK_ID) VALUES ('Y', 'M',1);
INSERT INTO COPIES (AVAILABLE, ACTION,BOOK_ID) VALUES ('Y', 'R',1);
INSERT INTO BOOK (TITLE, CATEGORY,REMOVE,ID) VALUES ('Domain-Driven Design Distilled', 'Informática','F',2);
INSERT INTO COPIES (AVAILABLE, ACTION,BOOK_ID) VALUES ('Y', 'S',2);
INSERT INTO COPIES (AVAILABLE, ACTION,BOOK_ID) VALUES ('Y', 'M',2);
INSERT INTO COPIES (AVAILABLE, ACTION,BOOK_ID) VALUES ('Y', 'R',2);
INSERT INTO COPIES (AVAILABLE, ACTION,BOOK_ID) VALUES ('Y', 'M',2);
INSERT INTO BOOK (TITLE, CATEGORY,REMOVE,ID) VALUES ('The Ultimate Hitchhiker Guide to the Galaxy', 'Ciências','F',3);
INSERT INTO COPIES (AVAILABLE, ACTION,BOOK_ID) VALUES ('Y', 'S',3);
INSERT INTO COPIES (AVAILABLE, ACTION,BOOK_ID) VALUES ('Y', 'M',3);
INSERT INTO COPIES (AVAILABLE, ACTION,BOOK_ID) VALUES ('Y', 'R',3);
INSERT INTO COPIES (AVAILABLE, ACTION,BOOK_ID) VALUES ('Y', 'R',3);
INSERT INTO COPIES (AVAILABLE, ACTION,BOOK_ID) VALUES ('Y', 'R',3);
INSERT INTO BOOK (TITLE, CATEGORY,REMOVE,ID) VALUES ('A Mind For Numbers', 'Ciências','F',4);
INSERT INTO COPIES (AVAILABLE, ACTION,BOOK_ID) VALUES ('Y', 'S',4);
INSERT INTO COPIES (AVAILABLE, ACTION,BOOK_ID) VALUES ('Y', 'M',4);
INSERT INTO COPIES (AVAILABLE, ACTION,BOOK_ID) VALUES ('Y', 'R',4);
INSERT INTO COPIES (AVAILABLE, ACTION,BOOK_ID) VALUES ('Y', 'M',4);
INSERT INTO COPIES (AVAILABLE, ACTION,BOOK_ID) VALUES ('Y', 'M',4);
INSERT INTO COPIES (AVAILABLE, ACTION,BOOK_ID) VALUES ('Y', 'M',4);
