INSERT INTO USER (EMAIL, NAME, PROFILE, DATE, ACTION) VALUES ('michael@gmail.com', 'Michael Jackson','A','2021-01-01','E' );
INSERT INTO USER (EMAIL, NAME, PROFILE, DATE, ACTION) VALUES ('Alan@gmail.com', 'Alan Conceição','A','2021-02-01','E' );
INSERT INTO USER (EMAIL, NAME, PROFILE, DATE, ACTION) VALUES ('Andre@gmail.com', 'Andre Farias','A','2021-03-01','E' );
INSERT INTO USER (EMAIL, NAME, PROFILE, DATE, ACTION) VALUES ('raimunod@gmail.com', 'Raimundo Matias','A','2021-04-01','E' );

INSERT INTO BOOK (TITLE, CATEGORY,ID) VALUES ('The Kubernetes Book', 'C',1);
INSERT INTO COPIES (ACTION,BOOK_ID) VALUES ( 'S',1);
INSERT INTO COPIES (ACTION,BOOK_ID) VALUES ( 'M',1);
INSERT INTO COPIES (ACTION,BOOK_ID) VALUES ( 'R',1);
INSERT INTO COPIES (ACTION,BOOK_ID) VALUES ( 'R',1);
INSERT INTO BOOK (TITLE, CATEGORY,ID) VALUES ('Domain-Driven Design Distilled', 'C',2);
INSERT INTO COPIES (ACTION,BOOK_ID) VALUES ( 'S',2);
INSERT INTO COPIES (ACTION,BOOK_ID) VALUES ( 'M',2);
INSERT INTO COPIES (ACTION,BOOK_ID) VALUES ( 'R',2);
INSERT INTO COPIES (ACTION,BOOK_ID) VALUES ( 'M',2);
INSERT INTO COPIES (ACTION,BOOK_ID) VALUES ( 'R',2);
INSERT INTO COPIES (ACTION,BOOK_ID) VALUES ( 'R',2);
INSERT INTO BOOK (TITLE, CATEGORY,ID) VALUES ('The Ultimate Hitchhiker Guide to the Galaxy', 'S',3);
INSERT INTO COPIES (ACTION,BOOK_ID) VALUES ( 'S',3);
INSERT INTO COPIES (ACTION,BOOK_ID) VALUES ( 'M',3);
INSERT INTO COPIES (ACTION,BOOK_ID) VALUES ( 'R',3);
INSERT INTO COPIES (ACTION,BOOK_ID) VALUES ( 'R',3);
INSERT INTO COPIES (ACTION,BOOK_ID) VALUES ( 'R',3);
INSERT INTO BOOK (TITLE, CATEGORY,ID) VALUES ('A Mind For Numbers', 'S',4);
INSERT INTO COPIES (ACTION,BOOK_ID) VALUES ( 'S',4);
INSERT INTO COPIES (ACTION,BOOK_ID) VALUES ( 'M',4);
INSERT INTO COPIES (ACTION,BOOK_ID) VALUES ( 'R',4);
INSERT INTO COPIES (ACTION,BOOK_ID) VALUES ( 'R',4);
INSERT INTO COPIES (ACTION,BOOK_ID) VALUES ( 'M',4);
INSERT INTO COPIES (ACTION,BOOK_ID) VALUES ( 'M',4);
INSERT INTO COPIES (ACTION,BOOK_ID) VALUES ( 'M',4);
